model,athletes,train_mse,test_mse,mape_train,mape_test,total_epochs
handler009.pkl,12642956,0.0029076353936136946,0.0025578427594155073,0.15938677982270702,0.16868291795253754,128
